<?xml version='1.0' encoding='UTF-8' ?>
<timeLogEntries>
  <time id="1" path="/GameStore/PSP0/Planning" start="@1631319667516" delta="33" />
  <time id="2" path="/GameStore/PSP0/Design" start="@1631375570255" delta="142" />
  <time id="3" path="/GameStore/PSP0/Code" start="@1631475224587" delta="88" />
  <time id="4" path="/GameStore/PSP0/Code" start="@1631497485139" delta="40" />
  <time id="5" path="/GameStore/PSP0/Code" start="@1631987308945" delta="75" />
  <time id="6" path="/GameStore/PSP0/Code" start="@1631997430746" delta="29" />
  <time id="7" path="/GameStore/PSP0/Code" start="@1632369177864" delta="23" />
  <time id="8" path="/GameStore/PSP0/Code" start="@1632526041790" delta="93" />
  <time id="9" path="/GameStore/PSP0/Code" start="@1632798838298" delta="84" />
  <time id="10" path="/GameStore/PSP0/Code" start="@1632845787043" delta="301" />
  <time id="11" path="/GameStore/PSP0/Test" start="@1632864585050" delta="81" />
</timeLogEntries>
