<?xml version='1.0' encoding='UTF-8' ?>
<timeLogEntries>
  <time id="1" path="/NicolásGómezTI1/PSP0/Planning" start="@1631319399669" delta="35" />
  <time id="2" path="/NicolásGómezTI1/PSP0/Planning" start="@1631593102667" delta="12" />
  <time id="3" path="/NicolásGómezTI1/PSP0/Design" start="@1631847669016" delta="110" />
  <time id="4" path="/NicolásGómezTI1/PSP0/Code" start="@1632354866339" delta="22" />
  <time id="5" path="/NicolásGómezTI1/PSP0/Code" start="@1632367162474" delta="83" />
  <time id="6" path="/NicolásGómezTI1/PSP0/Code" start="@1632406133582" delta="23" />
  <time id="7" path="/NicolásGómezTI1/PSP0/Code" start="@1632455728348" delta="22" />
  <time id="8" path="/NicolásGómezTI1/PSP0/Code" start="@1632525461054" delta="103" />
  <time id="9" path="/NicolásGómezTI1/PSP0/Code" start="@1632546608239" delta="7" />
  <time id="10" path="/NicolásGómezTI1/PSP0/Code" start="@1632709169055" delta="200" />
  <time id="11" path="/NicolásGómezTI1/PSP0/Code" start="@1632803278532" delta="14" />
</timeLogEntries>
