<?xml version='1.0' encoding='UTF-8' ?>
<timeLogEntries>
  <time id="37" path="/Camilo_Gonzalez_Velasco/PSP0/Code" start="@1632850362416" delta="24" flag="A" />
  <time id="38" path="/Camilo_Gonzalez_Velasco/PSP0/Compile" start="@1632851822677" delta="8" flag="A" />
  <time id="39" path="/Camilo_Gonzalez_Velasco/PSP0/Code" start="@1632856903828" delta="46" flag="A" />
  <time id="40" path="/Camilo_Gonzalez_Velasco/PSP0/Code" start="@1632865288313" delta="4" flag="A" />
  <time id="41" path="/Camilo_Gonzalez_Velasco/PSP0/Compile" start="@1632865521387" delta="4" flag="A" />
  <time id="42" path="/Camilo_Gonzalez_Velasco/PSP0/Code" start="@1632865770957" delta="42" flag="A" />
  <time id="43" path="/Camilo_Gonzalez_Velasco/PSP0/Design" start="@1632875613652" delta="14" flag="A" />
  <time id="44" path="/Camilo_Gonzalez_Velasco/PSP0/Test" start="@1632884326220" delta="17" flag="A" />
  <time id="45" path="/Camilo_Gonzalez_Velasco/PSP0/Test" start="@1632886469458" delta="11" flag="A" />
  <time id="46" path="/Camilo_Gonzalez_Velasco/PSP0/Code" start="@1632887144003" delta="30" flag="A" />
  <time id="47" path="/Camilo_Gonzalez_Velasco/PSP0/Postmortem" start="@1632888964263" delta="21" flag="A" />
</timeLogEntries>
