<?xml version='1.0' encoding='UTF-8' ?>
<timeLogEntries>
  <time id="1" path="/Camilo_Gonzalez_Velasco/PSP0/Planning" start="@1631847722881" delta="90" />
  <time id="2" path="/Camilo_Gonzalez_Velasco/PSP0/Planning" start="@1631976612083" delta="26" />
  <time id="3" path="/Camilo_Gonzalez_Velasco/PSP0/Planning" start="@1631979227650" delta="61" interrupt="11" />
  <time id="4" path="/Camilo_Gonzalez_Velasco/PSP0/Planning" start="@1631983979620" delta="26" />
  <time id="5" path="/Camilo_Gonzalez_Velasco/PSP0/Planning" start="@1632032282855" delta="8" />
  <time id="6" path="/Camilo_Gonzalez_Velasco/PSP0/Planning" start="@1632067888606" delta="104" interrupt="11" />
  <time id="7" path="/Camilo_Gonzalez_Velasco/PSP0/Design" start="@1632074864768" delta="2" />
  <time id="8" path="/Camilo_Gonzalez_Velasco/PSP0/Design" start="@1632076538725" delta="7" />
  <time id="9" path="/Camilo_Gonzalez_Velasco/PSP0/Design" start="@1632078807449" delta="13" />
  <time id="10" path="/Camilo_Gonzalez_Velasco/PSP0/Design" start="@1632083808504" delta="28" />
  <time id="11" path="/Camilo_Gonzalez_Velasco/PSP0/Design" start="@1632086045072" delta="36" />
  <time id="12" path="/Camilo_Gonzalez_Velasco/PSP0/Design" start="@1632090087109" delta="34" />
  <time id="13" path="/Camilo_Gonzalez_Velasco/PSP0/Design" start="@1632109795969" delta="28" />
  <time id="14" path="/Camilo_Gonzalez_Velasco/PSP0/Compile" start="@1632111706734" delta="17" />
  <time id="15" path="/Camilo_Gonzalez_Velasco/PSP0/Code" start="@1632112697541" delta="20" />
  <time id="16" path="/Camilo_Gonzalez_Velasco/PSP0/Code" start="@1632327700225" delta="17" />
  <time id="17" path="/Camilo_Gonzalez_Velasco/PSP0/Code" start="@1632347670827" delta="33" />
  <time id="18" path="/Camilo_Gonzalez_Velasco/PSP0/Code" start="@1632367485079" delta="8" />
  <time id="19" path="/Camilo_Gonzalez_Velasco/PSP0/Code" start="@1632369165614" delta="15" />
  <time id="20" path="/Camilo_Gonzalez_Velasco/PSP0/Code" start="@1632498354412" delta="15" />
  <time id="21" path="/Camilo_Gonzalez_Velasco/PSP0/Planning" start="@1632499601731" delta="17" />
  <time id="22" path="/Camilo_Gonzalez_Velasco/PSP0/Design" start="@1632500601116" delta="24" />
  <time id="23" path="/Camilo_Gonzalez_Velasco/PSP0/Planning" start="@1632502053197" delta="18" />
  <time id="24" path="/Camilo_Gonzalez_Velasco/PSP0/Code" start="@1632503161765" delta="7" />
  <time id="25" path="/Camilo_Gonzalez_Velasco/PSP0/Code" start="@1632520681880" delta="12" />
  <time id="26" path="/Camilo_Gonzalez_Velasco/PSP0/Code" start="@1632523954076" delta="6" />
  <time id="27" path="/Camilo_Gonzalez_Velasco/PSP0/Code" start="@1632526011214" delta="94" />
  <time id="28" path="/Camilo_Gonzalez_Velasco/PSP0/Code" start="@1632544099528" delta="3" />
  <time id="29" path="/Camilo_Gonzalez_Velasco/PSP0/Code" start="@1632615569574" delta="43" />
  <time id="30" path="/Camilo_Gonzalez_Velasco/PSP0/Code" start="@1632674233405" delta="1" />
  <time id="31" path="/Camilo_Gonzalez_Velasco/PSP0/Code" start="@1632681930943" delta="9" />
  <time id="32" path="/Camilo_Gonzalez_Velasco/PSP0/Code" start="@1632684241984" delta="107" interrupt="9" />
  <time id="33" path="/Camilo_Gonzalez_Velasco/PSP0/Code" start="@1632692593495" delta="4" />
  <time id="34" path="/Camilo_Gonzalez_Velasco/PSP0/Code" start="@1632706969870" delta="52" />
  <time id="35" path="/Camilo_Gonzalez_Velasco/PSP0/Compile" start="@1632710066961" delta="23" />
  <time id="36" path="/Camilo_Gonzalez_Velasco/PSP0/Code" start="@1632846037113" delta="10" />
</timeLogEntries>
